http://xn--fx-3s9co2sypbky3bx0hji7d.com/?_kwid_=A001,A001
http://xn--fx-3s9co2sypbky3bx0hji7d.com/?_kwid_=A002,A002
http://xn--fx-3s9co2sypbky3bx0hji7d.com/?_kwid_=A003,A003
http://xn--fx-3s9co2sypbky3bx0hji7d.com/?_kwid_=A004,A004
http://xn--fx-3s9co2sypbky3bx0hji7d.com/?_kwid_=A005,A005
http://xn--fx-3s9co2sypbky3bx0hji7d.com/?_kwid_=A006,A006
http://xn--fx-3s9co2sypbky3bx0hji7d.com/?_kwid_=A007,A007
http://xn--fx-3s9co2sypbky3bx0hji7d.com/?_kwid_=A008,A008
http://xn--fx-3s9co2sypbky3bx0hji7d.com/?_kwid_=A009,A009
http://xn--fx-3s9co2sypbky3bx0hji7d.com/?_kwid_=A010,A010
http://xn--fx-3s9co2sypbky3bx0hji7d.com/?_kwid_=A011,A011
http://xn--fx-3s9co2sypbky3bx0hji7d.com/?_kwid_=A012,A012
http://xn--fx-3s9co2sypbky3bx0hji7d.com/?_kwid_=A013,A013
http://xn--fx-3s9co2sypbky3bx0hji7d.com/?_kwid_=A014,A014
http://xn--fx-3s9co2sypbky3bx0hji7d.com/?_kwid_=A015,A015
http://xn--fx-3s9co2sypbky3bx0hji7d.com/?_kwid_=A016,A016
http://xn--fx-3s9co2sypbky3bx0hji7d.com/?_kwid_=A017,A017
http://xn--fx-3s9co2sypbky3bx0hji7d.com/?_kwid_=A018,A018
http://xn--fx-3s9co2sypbky3bx0hji7d.com/?_kwid_=A019,A019
http://xn--fx-3s9co2sypbky3bx0hji7d.com/?_kwid_=A020,A020
http://xn--fx-3s9co2sypbky3bx0hji7d.com/?_kwid_=A021,A021
http://xn--fx-3s9co2sypbky3bx0hji7d.com/?_kwid_=A022,A022
http://xn--fx-3s9co2sypbky3bx0hji7d.com/?_kwid_=A023,A023
http://xn--fx-3s9co2sypbky3bx0hji7d.com/?_kwid_=A024,A024
http://xn--fx-3s9co2sypbky3bx0hji7d.com/?_kwid_=A025,A025
http://xn--fx-3s9co2sypbky3bx0hji7d.com/?_kwid_=A026,A026
http://xn--fx-3s9co2sypbky3bx0hji7d.com/?_kwid_=A027,A027
http://xn--fx-3s9co2sypbky3bx0hji7d.com/?_kwid_=A028,A028
http://xn--fx-3s9co2sypbky3bx0hji7d.com/?_kwid_=A029,A029
http://xn--fx-3s9co2sypbky3bx0hji7d.com/?_kwid_=A030,A030
http://xn--fx-3s9co2sypbky3bx0hji7d.com/?_kwid_=A031,A031
http://xn--fx-3s9co2sypbky3bx0hji7d.com/?_kwid_=A032,A032
http://xn--fx-3s9co2sypbky3bx0hji7d.com/?_kwid_=A034,A034
http://xn--fx-3s9co2sypbky3bx0hji7d.com/?_kwid_=A035,A035
http://xn--fx-3s9co2sypbky3bx0hji7d.com/?_kwid_=A036,A036
http://xn--fx-3s9co2sypbky3bx0hji7d.com/?_kwid_=A037,A037
http://xn--fx-3s9co2sypbky3bx0hji7d.com/?_kwid_=A038,A038
http://xn--fx-3s9co2sypbky3bx0hji7d.com/?_kwid_=A040,A040
http://xn--fx-3s9co2sypbky3bx0hji7d.com/?_kwid_=A041,A041
http://xn--fx-3s9co2sypbky3bx0hji7d.com/?_kwid_=A042,A042
http://xn--fx-3s9co2sypbky3bx0hji7d.com/?_kwid_=A043,A043
http://xn--fx-3s9co2sypbky3bx0hji7d.com/?_kwid_=A044,A044
http://xn--fx-3s9co2sypbky3bx0hji7d.com/?_kwid_=A045,A045
http://xn--fx-3s9co2sypbky3bx0hji7d.com/?_kwid_=A046,A046
http://xn--fx-3s9co2sypbky3bx0hji7d.com/?_kwid_=A047,A047
http://xn--fx-3s9co2sypbky3bx0hji7d.com/?_kwid_=A048,A048
http://xn--fx-3s9co2sypbky3bx0hji7d.com/?_kwid_=A049,A049
http://xn--fx-3s9co2sypbky3bx0hji7d.com/?_kwid_=A050,A050
http://xn--fx-3s9co2sypbky3bx0hji7d.com/?_kwid_=A051,A051
http://xn--fx-3s9co2sypbky3bx0hji7d.com/?_kwid_=A052,A052
http://xn--fx-3s9co2sypbky3bx0hji7d.com/?_kwid_=A053,A053
http://xn--fx-3s9co2sypbky3bx0hji7d.com/?_kwid_=A054,A054
http://xn--fx-3s9co2sypbky3bx0hji7d.com/?_kwid_=A055,A055
http://xn--fx-3s9co2sypbky3bx0hji7d.com/?_kwid_=A056,A056
http://xn--fx-3s9co2sypbky3bx0hji7d.com/?_kwid_=A057,A057
http://xn--fx-3s9co2sypbky3bx0hji7d.com/?_kwid_=A100,A100
http://xn--fx-3s9co2sypbky3bx0hji7d.com/?_kwid_=A101,A101
http://xn--fx-3s9co2sypbky3bx0hji7d.com/?_kwid_=A102,A102
http://xn--fx-3s9co2sypbky3bx0hji7d.com/?_kwid_=A103,A103
http://xn--fx-3s9co2sypbky3bx0hji7d.com/?_kwid_=A104,A104
http://xn--fx-3s9co2sypbky3bx0hji7d.com/?_kwid_=A105,A105
http://xn--fx-3s9co2sypbky3bx0hji7d.com/?_kwid_=A106,A106
http://xn--fx-3s9co2sypbky3bx0hji7d.com/?_kwid_=A107,A107
http://xn--fx-3s9co2sypbky3bx0hji7d.com/?_kwid_=A108,A108
http://xn--fx-3s9co2sypbky3bx0hji7d.com/?_kwid_=A109,A109
http://xn--fx-3s9co2sypbky3bx0hji7d.com/?_kwid_=A110,A110
http://xn--fx-3s9co2sypbky3bx0hji7d.com/?_kwid_=A111,A111
http://xn--fx-3s9co2sypbky3bx0hji7d.com/?_kwid_=A112,A112
http://xn--fx-3s9co2sypbky3bx0hji7d.com/?_kwid_=A113,A113
http://xn--fx-3s9co2sypbky3bx0hji7d.com/?_kwid_=A114,A114
http://xn--fx-3s9co2sypbky3bx0hji7d.com/?_kwid_=A115,A115
http://xn--fx-3s9co2sypbky3bx0hji7d.com/?_kwid_=A116,A116
http://xn--fx-3s9co2sypbky3bx0hji7d.com/?_kwid_=A117,A117
http://xn--fx-3s9co2sypbky3bx0hji7d.com/?_kwid_=A118,A118
http://xn--fx-3s9co2sypbky3bx0hji7d.com/?_kwid_=A119,A119
http://xn--fx-3s9co2sypbky3bx0hji7d.com/?_kwid_=A120,A120
http://xn--fx-3s9co2sypbky3bx0hji7d.com/?_kwid_=A121,A121
http://xn--fx-3s9co2sypbky3bx0hji7d.com/?_kwid_=A122,A122
http://xn--fx-3s9co2sypbky3bx0hji7d.com/?_kwid_=A123,A123
http://xn--fx-3s9co2sypbky3bx0hji7d.com/?_kwid_=A124,A124
http://xn--fx-3s9co2sypbky3bx0hji7d.com/?_kwid_=A125,A125
http://xn--fx-3s9co2sypbky3bx0hji7d.com/?_kwid_=A126,A126
http://xn--fx-3s9co2sypbky3bx0hji7d.com/?_kwid_=A127,A127
http://xn--fx-3s9co2sypbky3bx0hji7d.com/?_kwid_=A128,A128
http://xn--fx-3s9co2sypbky3bx0hji7d.com/?_kwid_=A129,A129
http://xn--fx-3s9co2sypbky3bx0hji7d.com/?_kwid_=A130,A130
http://xn--fx-3s9co2sypbky3bx0hji7d.com/?_kwid_=A131,A131
http://xn--fx-3s9co2sypbky3bx0hji7d.com/?_kwid_=A132,A132
http://xn--fx-3s9co2sypbky3bx0hji7d.com/?_kwid_=A133,A133
http://xn--fx-3s9co2sypbky3bx0hji7d.com/?_kwid_=A134,A134
http://xn--fx-3s9co2sypbky3bx0hji7d.com/?_kwid_=A135,A135
http://xn--fx-3s9co2sypbky3bx0hji7d.com/?_kwid_=A136,A136
http://xn--fx-3s9co2sypbky3bx0hji7d.com/?_kwid_=A137,A137
http://xn--fx-3s9co2sypbky3bx0hji7d.com/?_kwid_=A138,A138
http://xn--fx-3s9co2sypbky3bx0hji7d.com/?_kwid_=A139,A139
http://xn--fx-3s9co2sypbky3bx0hji7d.com/?_kwid_=A140,A140
http://xn--fx-3s9co2sypbky3bx0hji7d.com/?_kwid_=A141,A141
http://xn--fx-3s9co2sypbky3bx0hji7d.com/?_kwid_=A142,A142
http://xn--fx-3s9co2sypbky3bx0hji7d.com/?_kwid_=A143,A143
http://xn--fx-3s9co2sypbky3bx0hji7d.com/?_kwid_=A144,A144
http://xn--fx-3s9co2sypbky3bx0hji7d.com/?_kwid_=A145,A145
http://xn--fx-3s9co2sypbky3bx0hji7d.com/?_kwid_=A146,A146
http://xn--fx-3s9co2sypbky3bx0hji7d.com/?_kwid_=A147,A147
http://xn--fx-3s9co2sypbky3bx0hji7d.com/?_kwid_=A148,A148
http://xn--fx-3s9co2sypbky3bx0hji7d.com/?_kwid_=B001,B001
http://xn--fx-3s9co2sypbky3bx0hji7d.com/?_kwid_=B005,B005
http://xn--fx-3s9co2sypbky3bx0hji7d.com/?_kwid_=B006,B006
http://xn--fx-3s9co2sypbky3bx0hji7d.com/?_kwid_=B007,B007
http://xn--fx-3s9co2sypbky3bx0hji7d.com/?_kwid_=B008,B008
http://xn--fx-3s9co2sypbky3bx0hji7d.com/?_kwid_=B009,B009
http://xn--fx-3s9co2sypbky3bx0hji7d.com/?_kwid_=B010,B010
http://xn--fx-3s9co2sypbky3bx0hji7d.com/?_kwid_=B011,B011
http://xn--fx-3s9co2sypbky3bx0hji7d.com/?_kwid_=B012,B012
http://xn--fx-3s9co2sypbky3bx0hji7d.com/?_kwid_=B014,B014
http://xn--fx-3s9co2sypbky3bx0hji7d.com/?_kwid_=B018,B018
http://xn--fx-3s9co2sypbky3bx0hji7d.com/?_kwid_=B019,B019
http://xn--fx-3s9co2sypbky3bx0hji7d.com/?_kwid_=B021,B021
http://xn--fx-3s9co2sypbky3bx0hji7d.com/?_kwid_=B023,B023
http://xn--fx-3s9co2sypbky3bx0hji7d.com/?_kwid_=B024,B024
http://xn--fx-3s9co2sypbky3bx0hji7d.com/?_kwid_=B025,B025
http://xn--fx-3s9co2sypbky3bx0hji7d.com/?_kwid_=B026,B026
http://xn--fx-3s9co2sypbky3bx0hji7d.com/?_kwid_=B027,B027
http://xn--fx-3s9co2sypbky3bx0hji7d.com/?_kwid_=B028,B028
http://xn--fx-3s9co2sypbky3bx0hji7d.com/?_kwid_=B030,B030
http://xn--fx-3s9co2sypbky3bx0hji7d.com/?_kwid_=B031,B031
http://xn--fx-3s9co2sypbky3bx0hji7d.com/?_kwid_=B032,B032
http://xn--fx-3s9co2sypbky3bx0hji7d.com/?_kwid_=B034,B034
http://xn--fx-3s9co2sypbky3bx0hji7d.com/?_kwid_=B035,B035
http://xn--fx-3s9co2sypbky3bx0hji7d.com/?_kwid_=B036,B036
http://xn--fx-3s9co2sypbky3bx0hji7d.com/?_kwid_=B037,B037
http://xn--fx-3s9co2sypbky3bx0hji7d.com/?_kwid_=B038,B038
http://xn--fx-3s9co2sypbky3bx0hji7d.com/?_kwid_=B040,B040
http://xn--fx-3s9co2sypbky3bx0hji7d.com/?_kwid_=B041,B041
http://xn--fx-3s9co2sypbky3bx0hji7d.com/?_kwid_=B042,B042
http://xn--fx-3s9co2sypbky3bx0hji7d.com/?_kwid_=B043,B043
http://xn--fx-3s9co2sypbky3bx0hji7d.com/?_kwid_=B044,B044
http://xn--fx-3s9co2sypbky3bx0hji7d.com/?_kwid_=B045,B045
http://xn--fx-3s9co2sypbky3bx0hji7d.com/?_kwid_=B046,B046
http://xn--fx-3s9co2sypbky3bx0hji7d.com/?_kwid_=B047,B047
http://xn--fx-3s9co2sypbky3bx0hji7d.com/?_kwid_=B048,B048
http://xn--fx-3s9co2sypbky3bx0hji7d.com/?_kwid_=B049,B049
http://xn--fx-3s9co2sypbky3bx0hji7d.com/?_kwid_=B050,B050
http://xn--fx-3s9co2sypbky3bx0hji7d.com/?_kwid_=B051,B051
http://xn--fx-3s9co2sypbky3bx0hji7d.com/?_kwid_=B052,B052
http://xn--fx-3s9co2sypbky3bx0hji7d.com/?_kwid_=B053,B053
http://xn--fx-3s9co2sypbky3bx0hji7d.com/?_kwid_=B054,B054
http://xn--fx-3s9co2sypbky3bx0hji7d.com/?_kwid_=B055,B055
http://xn--fx-3s9co2sypbky3bx0hji7d.com/?_kwid_=B056,B056
http://xn--fx-3s9co2sypbky3bx0hji7d.com/?_kwid_=B057,B057
http://xn--fx-3s9co2sypbky3bx0hji7d.com/?_kwid_=B100,B100
http://xn--fx-3s9co2sypbky3bx0hji7d.com/?_kwid_=B101,B101
http://xn--fx-3s9co2sypbky3bx0hji7d.com/?_kwid_=B102,B102
http://xn--fx-3s9co2sypbky3bx0hji7d.com/?_kwid_=B103,B103
http://xn--fx-3s9co2sypbky3bx0hji7d.com/?_kwid_=B104,B104
http://xn--fx-3s9co2sypbky3bx0hji7d.com/?_kwid_=B105,B105
http://xn--fx-3s9co2sypbky3bx0hji7d.com/?_kwid_=B106,B106
http://xn--fx-3s9co2sypbky3bx0hji7d.com/?_kwid_=B107,B107
http://xn--fx-3s9co2sypbky3bx0hji7d.com/?_kwid_=B108,B108
http://xn--fx-3s9co2sypbky3bx0hji7d.com/?_kwid_=B109,B109
http://xn--fx-3s9co2sypbky3bx0hji7d.com/?_kwid_=B110,B110
http://xn--fx-3s9co2sypbky3bx0hji7d.com/?_kwid_=B111,B111
http://xn--fx-3s9co2sypbky3bx0hji7d.com/?_kwid_=B112,B112
http://xn--fx-3s9co2sypbky3bx0hji7d.com/?_kwid_=B113,B113
http://xn--fx-3s9co2sypbky3bx0hji7d.com/?_kwid_=B114,B114
http://xn--fx-3s9co2sypbky3bx0hji7d.com/?_kwid_=B115,B115
http://xn--fx-3s9co2sypbky3bx0hji7d.com/?_kwid_=B116,B116
http://xn--fx-3s9co2sypbky3bx0hji7d.com/?_kwid_=B117,B117
http://xn--fx-3s9co2sypbky3bx0hji7d.com/?_kwid_=B118,B118
http://xn--fx-3s9co2sypbky3bx0hji7d.com/?_kwid_=B119,B119
http://xn--fx-3s9co2sypbky3bx0hji7d.com/?_kwid_=B120,B120
http://xn--fx-3s9co2sypbky3bx0hji7d.com/?_kwid_=B121,B121
http://xn--fx-3s9co2sypbky3bx0hji7d.com/?_kwid_=B122,B122
http://xn--fx-3s9co2sypbky3bx0hji7d.com/?_kwid_=B123,B123
http://xn--fx-3s9co2sypbky3bx0hji7d.com/?_kwid_=B124,B124
http://xn--fx-3s9co2sypbky3bx0hji7d.com/?_kwid_=B125,B125
http://xn--fx-3s9co2sypbky3bx0hji7d.com/?_kwid_=B126,B126
http://xn--fx-3s9co2sypbky3bx0hji7d.com/?_kwid_=B127,B127
http://xn--fx-3s9co2sypbky3bx0hji7d.com/?_kwid_=B128,B128
http://xn--fx-3s9co2sypbky3bx0hji7d.com/?_kwid_=B129,B129
http://xn--fx-3s9co2sypbky3bx0hji7d.com/?_kwid_=B130,B130
http://xn--fx-3s9co2sypbky3bx0hji7d.com/?_kwid_=B131,B131
http://xn--fx-3s9co2sypbky3bx0hji7d.com/?_kwid_=B132,B132
http://xn--fx-3s9co2sypbky3bx0hji7d.com/?_kwid_=B133,B133
http://xn--fx-3s9co2sypbky3bx0hji7d.com/?_kwid_=B134,B134
http://xn--fx-3s9co2sypbky3bx0hji7d.com/?_kwid_=B135,B135
http://xn--fx-3s9co2sypbky3bx0hji7d.com/?_kwid_=B136,B136
http://xn--fx-3s9co2sypbky3bx0hji7d.com/?_kwid_=B137,B137
http://xn--fx-3s9co2sypbky3bx0hji7d.com/?_kwid_=B138,B138
http://xn--fx-3s9co2sypbky3bx0hji7d.com/?_kwid_=B139,B139
http://xn--fx-3s9co2sypbky3bx0hji7d.com/?_kwid_=B140,B140
http://xn--fx-3s9co2sypbky3bx0hji7d.com/?_kwid_=B141,B141
http://xn--fx-3s9co2sypbky3bx0hji7d.com/?_kwid_=B142,B142
http://xn--fx-3s9co2sypbky3bx0hji7d.com/?_kwid_=B143,B143
http://xn--fx-3s9co2sypbky3bx0hji7d.com/?_kwid_=B144,B144
http://xn--fx-3s9co2sypbky3bx0hji7d.com/?_kwid_=B145,B145
http://xn--fx-3s9co2sypbky3bx0hji7d.com/?_kwid_=B146,B146
http://xn--fx-3s9co2sypbky3bx0hji7d.com/?_kwid_=B147,B147
http://xn--fx-3s9co2sypbky3bx0hji7d.com/?_kwid_=B148,B148
http://xn--fx-3s9co2sypbky3bx0hji7d.com/?_kwid_=C001,C001
http://xn--fx-3s9co2sypbky3bx0hji7d.com/?_kwid_=C005,C005
http://xn--fx-3s9co2sypbky3bx0hji7d.com/?_kwid_=C006,C006
http://xn--fx-3s9co2sypbky3bx0hji7d.com/?_kwid_=C007,C007
http://xn--fx-3s9co2sypbky3bx0hji7d.com/?_kwid_=C008,C008
http://xn--fx-3s9co2sypbky3bx0hji7d.com/?_kwid_=C009,C009
http://xn--fx-3s9co2sypbky3bx0hji7d.com/?_kwid_=C010,C010
http://xn--fx-3s9co2sypbky3bx0hji7d.com/?_kwid_=C011,C011
http://xn--fx-3s9co2sypbky3bx0hji7d.com/?_kwid_=C012,C012
http://xn--fx-3s9co2sypbky3bx0hji7d.com/?_kwid_=C013,C013
http://xn--fx-3s9co2sypbky3bx0hji7d.com/?_kwid_=C014,C014
http://xn--fx-3s9co2sypbky3bx0hji7d.com/?_kwid_=C015,C015
http://xn--fx-3s9co2sypbky3bx0hji7d.com/?_kwid_=C016,C016
http://xn--fx-3s9co2sypbky3bx0hji7d.com/?_kwid_=C017,C017
http://xn--fx-3s9co2sypbky3bx0hji7d.com/?_kwid_=C018,C018
http://xn--fx-3s9co2sypbky3bx0hji7d.com/?_kwid_=C019,C019
http://xn--fx-3s9co2sypbky3bx0hji7d.com/?_kwid_=C020,C020
http://xn--fx-3s9co2sypbky3bx0hji7d.com/?_kwid_=C021,C021
http://xn--fx-3s9co2sypbky3bx0hji7d.com/?_kwid_=C022,C022
http://xn--fx-3s9co2sypbky3bx0hji7d.com/?_kwid_=C023,C023
http://xn--fx-3s9co2sypbky3bx0hji7d.com/?_kwid_=C024,C024
http://xn--fx-3s9co2sypbky3bx0hji7d.com/?_kwid_=C025,C025
http://xn--fx-3s9co2sypbky3bx0hji7d.com/?_kwid_=C026,C026
http://xn--fx-3s9co2sypbky3bx0hji7d.com/?_kwid_=C027,C027
http://xn--fx-3s9co2sypbky3bx0hji7d.com/?_kwid_=C028,C028
http://xn--fx-3s9co2sypbky3bx0hji7d.com/?_kwid_=C029,C029
http://xn--fx-3s9co2sypbky3bx0hji7d.com/?_kwid_=C030,C030
http://xn--fx-3s9co2sypbky3bx0hji7d.com/?_kwid_=C031,C031
http://xn--fx-3s9co2sypbky3bx0hji7d.com/?_kwid_=C032,C032
http://xn--fx-3s9co2sypbky3bx0hji7d.com/?_kwid_=C034,C034
http://xn--fx-3s9co2sypbky3bx0hji7d.com/?_kwid_=C035,C035
http://xn--fx-3s9co2sypbky3bx0hji7d.com/?_kwid_=C036,C036
http://xn--fx-3s9co2sypbky3bx0hji7d.com/?_kwid_=C037,C037
http://xn--fx-3s9co2sypbky3bx0hji7d.com/?_kwid_=C038,C038
http://xn--fx-3s9co2sypbky3bx0hji7d.com/?_kwid_=C040,C040
http://xn--fx-3s9co2sypbky3bx0hji7d.com/?_kwid_=C041,C041
http://xn--fx-3s9co2sypbky3bx0hji7d.com/?_kwid_=C042,C042
http://xn--fx-3s9co2sypbky3bx0hji7d.com/?_kwid_=C043,C043
http://xn--fx-3s9co2sypbky3bx0hji7d.com/?_kwid_=C044,C044
http://xn--fx-3s9co2sypbky3bx0hji7d.com/?_kwid_=C045,C045
http://xn--fx-3s9co2sypbky3bx0hji7d.com/?_kwid_=C046,C046
http://xn--fx-3s9co2sypbky3bx0hji7d.com/?_kwid_=C047,C047
http://xn--fx-3s9co2sypbky3bx0hji7d.com/?_kwid_=C048,C048
http://xn--fx-3s9co2sypbky3bx0hji7d.com/?_kwid_=C049,C049
http://xn--fx-3s9co2sypbky3bx0hji7d.com/?_kwid_=C050,C050
http://xn--fx-3s9co2sypbky3bx0hji7d.com/?_kwid_=C051,C051
http://xn--fx-3s9co2sypbky3bx0hji7d.com/?_kwid_=C052,C052
http://xn--fx-3s9co2sypbky3bx0hji7d.com/?_kwid_=C053,C053
http://xn--fx-3s9co2sypbky3bx0hji7d.com/?_kwid_=C054,C054
http://xn--fx-3s9co2sypbky3bx0hji7d.com/?_kwid_=C055,C055
http://xn--fx-3s9co2sypbky3bx0hji7d.com/?_kwid_=C056,C056
http://xn--fx-3s9co2sypbky3bx0hji7d.com/?_kwid_=C057,C057
http://xn--fx-3s9co2sypbky3bx0hji7d.com/?_kwid_=C100,C100
http://xn--fx-3s9co2sypbky3bx0hji7d.com/?_kwid_=C101,C101
http://xn--fx-3s9co2sypbky3bx0hji7d.com/?_kwid_=C102,C102
http://xn--fx-3s9co2sypbky3bx0hji7d.com/?_kwid_=C103,C103
http://xn--fx-3s9co2sypbky3bx0hji7d.com/?_kwid_=C104,C104
http://xn--fx-3s9co2sypbky3bx0hji7d.com/?_kwid_=C105,C105
http://xn--fx-3s9co2sypbky3bx0hji7d.com/?_kwid_=C106,C106
http://xn--fx-3s9co2sypbky3bx0hji7d.com/?_kwid_=C107,C107
http://xn--fx-3s9co2sypbky3bx0hji7d.com/?_kwid_=C108,C108
http://xn--fx-3s9co2sypbky3bx0hji7d.com/?_kwid_=C109,C109
http://xn--fx-3s9co2sypbky3bx0hji7d.com/?_kwid_=C110,C110
http://xn--fx-3s9co2sypbky3bx0hji7d.com/?_kwid_=C111,C111
http://xn--fx-3s9co2sypbky3bx0hji7d.com/?_kwid_=C112,C112
http://xn--fx-3s9co2sypbky3bx0hji7d.com/?_kwid_=C113,C113
http://xn--fx-3s9co2sypbky3bx0hji7d.com/?_kwid_=C114,C114
http://xn--fx-3s9co2sypbky3bx0hji7d.com/?_kwid_=C115,C115
http://xn--fx-3s9co2sypbky3bx0hji7d.com/?_kwid_=C116,C116
http://xn--fx-3s9co2sypbky3bx0hji7d.com/?_kwid_=C117,C117
http://xn--fx-3s9co2sypbky3bx0hji7d.com/?_kwid_=C118,C118
http://xn--fx-3s9co2sypbky3bx0hji7d.com/?_kwid_=C119,C119
http://xn--fx-3s9co2sypbky3bx0hji7d.com/?_kwid_=C120,C120
http://xn--fx-3s9co2sypbky3bx0hji7d.com/?_kwid_=C121,C121
http://xn--fx-3s9co2sypbky3bx0hji7d.com/?_kwid_=C122,C122
http://xn--fx-3s9co2sypbky3bx0hji7d.com/?_kwid_=C123,C123
http://xn--fx-3s9co2sypbky3bx0hji7d.com/?_kwid_=C124,C124
http://xn--fx-3s9co2sypbky3bx0hji7d.com/?_kwid_=C125,C125
http://xn--fx-3s9co2sypbky3bx0hji7d.com/?_kwid_=C126,C126
http://xn--fx-3s9co2sypbky3bx0hji7d.com/?_kwid_=C127,C127
http://xn--fx-3s9co2sypbky3bx0hji7d.com/?_kwid_=C128,C128
http://xn--fx-3s9co2sypbky3bx0hji7d.com/?_kwid_=C129,C129
http://xn--fx-3s9co2sypbky3bx0hji7d.com/?_kwid_=C130,C130
http://xn--fx-3s9co2sypbky3bx0hji7d.com/?_kwid_=C131,C131
http://xn--fx-3s9co2sypbky3bx0hji7d.com/?_kwid_=C132,C132
http://xn--fx-3s9co2sypbky3bx0hji7d.com/?_kwid_=C133,C133
http://xn--fx-3s9co2sypbky3bx0hji7d.com/?_kwid_=C134,C134
http://xn--fx-3s9co2sypbky3bx0hji7d.com/?_kwid_=C135,C135
http://xn--fx-3s9co2sypbky3bx0hji7d.com/?_kwid_=C136,C136
http://xn--fx-3s9co2sypbky3bx0hji7d.com/?_kwid_=C137,C137
http://xn--fx-3s9co2sypbky3bx0hji7d.com/?_kwid_=C138,C138
http://xn--fx-3s9co2sypbky3bx0hji7d.com/?_kwid_=C139,C139
http://xn--fx-3s9co2sypbky3bx0hji7d.com/?_kwid_=C140,C140
http://xn--fx-3s9co2sypbky3bx0hji7d.com/?_kwid_=C141,C141
http://xn--fx-3s9co2sypbky3bx0hji7d.com/?_kwid_=C142,C142
http://xn--fx-3s9co2sypbky3bx0hji7d.com/?_kwid_=C143,C143
http://xn--fx-3s9co2sypbky3bx0hji7d.com/?_kwid_=C144,C144
http://xn--fx-3s9co2sypbky3bx0hji7d.com/?_kwid_=C145,C145
http://xn--fx-3s9co2sypbky3bx0hji7d.com/?_kwid_=C146,C146
http://xn--fx-3s9co2sypbky3bx0hji7d.com/?_kwid_=C147,C147
http://xn--fx-3s9co2sypbky3bx0hji7d.com/?_kwid_=C148,C148
http://xn--fx-3s9co2sypbky3bx0hji7d.com/?_kwid_=D001,D001
http://xn--fx-3s9co2sypbky3bx0hji7d.com/?_kwid_=D005,D005
http://xn--fx-3s9co2sypbky3bx0hji7d.com/?_kwid_=D006,D006
http://xn--fx-3s9co2sypbky3bx0hji7d.com/?_kwid_=D007,D007
http://xn--fx-3s9co2sypbky3bx0hji7d.com/?_kwid_=D008,D008
http://xn--fx-3s9co2sypbky3bx0hji7d.com/?_kwid_=D009,D009
http://xn--fx-3s9co2sypbky3bx0hji7d.com/?_kwid_=D010,D010
http://xn--fx-3s9co2sypbky3bx0hji7d.com/?_kwid_=D011,D011
http://xn--fx-3s9co2sypbky3bx0hji7d.com/?_kwid_=D012,D012
http://xn--fx-3s9co2sypbky3bx0hji7d.com/?_kwid_=D014,D014
http://xn--fx-3s9co2sypbky3bx0hji7d.com/?_kwid_=D018,D018
http://xn--fx-3s9co2sypbky3bx0hji7d.com/?_kwid_=D019,D019
http://xn--fx-3s9co2sypbky3bx0hji7d.com/?_kwid_=D021,D021
http://xn--fx-3s9co2sypbky3bx0hji7d.com/?_kwid_=D023,D023
http://xn--fx-3s9co2sypbky3bx0hji7d.com/?_kwid_=D024,D024
http://xn--fx-3s9co2sypbky3bx0hji7d.com/?_kwid_=D025,D025
http://xn--fx-3s9co2sypbky3bx0hji7d.com/?_kwid_=D026,D026
http://xn--fx-3s9co2sypbky3bx0hji7d.com/?_kwid_=D027,D027
http://xn--fx-3s9co2sypbky3bx0hji7d.com/?_kwid_=D028,D028
http://xn--fx-3s9co2sypbky3bx0hji7d.com/?_kwid_=D030,D030
http://xn--fx-3s9co2sypbky3bx0hji7d.com/?_kwid_=D031,D031
http://xn--fx-3s9co2sypbky3bx0hji7d.com/?_kwid_=D032,D032
http://xn--fx-3s9co2sypbky3bx0hji7d.com/?_kwid_=D034,D034
http://xn--fx-3s9co2sypbky3bx0hji7d.com/?_kwid_=D035,D035
http://xn--fx-3s9co2sypbky3bx0hji7d.com/?_kwid_=D036,D036
http://xn--fx-3s9co2sypbky3bx0hji7d.com/?_kwid_=D037,D037
http://xn--fx-3s9co2sypbky3bx0hji7d.com/?_kwid_=D038,D038
http://xn--fx-3s9co2sypbky3bx0hji7d.com/?_kwid_=D040,D040
http://xn--fx-3s9co2sypbky3bx0hji7d.com/?_kwid_=D041,D041
http://xn--fx-3s9co2sypbky3bx0hji7d.com/?_kwid_=D042,D042
http://xn--fx-3s9co2sypbky3bx0hji7d.com/?_kwid_=D043,D043
http://xn--fx-3s9co2sypbky3bx0hji7d.com/?_kwid_=D044,D044
http://xn--fx-3s9co2sypbky3bx0hji7d.com/?_kwid_=D045,D045
http://xn--fx-3s9co2sypbky3bx0hji7d.com/?_kwid_=D046,D046
http://xn--fx-3s9co2sypbky3bx0hji7d.com/?_kwid_=D047,D047
http://xn--fx-3s9co2sypbky3bx0hji7d.com/?_kwid_=D048,D048
http://xn--fx-3s9co2sypbky3bx0hji7d.com/?_kwid_=D049,D049
http://xn--fx-3s9co2sypbky3bx0hji7d.com/?_kwid_=D050,D050
http://xn--fx-3s9co2sypbky3bx0hji7d.com/?_kwid_=D051,D051
http://xn--fx-3s9co2sypbky3bx0hji7d.com/?_kwid_=D052,D052
http://xn--fx-3s9co2sypbky3bx0hji7d.com/?_kwid_=D053,D053
http://xn--fx-3s9co2sypbky3bx0hji7d.com/?_kwid_=D054,D054
http://xn--fx-3s9co2sypbky3bx0hji7d.com/?_kwid_=D055,D055
http://xn--fx-3s9co2sypbky3bx0hji7d.com/?_kwid_=D056,D056
http://xn--fx-3s9co2sypbky3bx0hji7d.com/?_kwid_=D057,D057
http://xn--fx-3s9co2sypbky3bx0hji7d.com/?_kwid_=D100,D100
http://xn--fx-3s9co2sypbky3bx0hji7d.com/?_kwid_=D101,D101
http://xn--fx-3s9co2sypbky3bx0hji7d.com/?_kwid_=D102,D102
http://xn--fx-3s9co2sypbky3bx0hji7d.com/?_kwid_=D103,D103
http://xn--fx-3s9co2sypbky3bx0hji7d.com/?_kwid_=D104,D104
http://xn--fx-3s9co2sypbky3bx0hji7d.com/?_kwid_=D105,D105
http://xn--fx-3s9co2sypbky3bx0hji7d.com/?_kwid_=D106,D106
http://xn--fx-3s9co2sypbky3bx0hji7d.com/?_kwid_=D107,D107
http://xn--fx-3s9co2sypbky3bx0hji7d.com/?_kwid_=D108,D108
http://xn--fx-3s9co2sypbky3bx0hji7d.com/?_kwid_=D109,D109
http://xn--fx-3s9co2sypbky3bx0hji7d.com/?_kwid_=D110,D110
http://xn--fx-3s9co2sypbky3bx0hji7d.com/?_kwid_=D111,D111
http://xn--fx-3s9co2sypbky3bx0hji7d.com/?_kwid_=D112,D112
http://xn--fx-3s9co2sypbky3bx0hji7d.com/?_kwid_=D113,D113
http://xn--fx-3s9co2sypbky3bx0hji7d.com/?_kwid_=D114,D114
http://xn--fx-3s9co2sypbky3bx0hji7d.com/?_kwid_=D115,D115
http://xn--fx-3s9co2sypbky3bx0hji7d.com/?_kwid_=D116,D116
http://xn--fx-3s9co2sypbky3bx0hji7d.com/?_kwid_=D117,D117
http://xn--fx-3s9co2sypbky3bx0hji7d.com/?_kwid_=D118,D118
http://xn--fx-3s9co2sypbky3bx0hji7d.com/?_kwid_=D119,D119
http://xn--fx-3s9co2sypbky3bx0hji7d.com/?_kwid_=D120,D120
http://xn--fx-3s9co2sypbky3bx0hji7d.com/?_kwid_=D121,D121
http://xn--fx-3s9co2sypbky3bx0hji7d.com/?_kwid_=D122,D122
http://xn--fx-3s9co2sypbky3bx0hji7d.com/?_kwid_=D123,D123
http://xn--fx-3s9co2sypbky3bx0hji7d.com/?_kwid_=D124,D124
http://xn--fx-3s9co2sypbky3bx0hji7d.com/?_kwid_=D125,D125
http://xn--fx-3s9co2sypbky3bx0hji7d.com/?_kwid_=D126,D126
http://xn--fx-3s9co2sypbky3bx0hji7d.com/?_kwid_=D127,D127
http://xn--fx-3s9co2sypbky3bx0hji7d.com/?_kwid_=D128,D128
http://xn--fx-3s9co2sypbky3bx0hji7d.com/?_kwid_=D129,D129
http://xn--fx-3s9co2sypbky3bx0hji7d.com/?_kwid_=D130,D130
http://xn--fx-3s9co2sypbky3bx0hji7d.com/?_kwid_=D131,D131
http://xn--fx-3s9co2sypbky3bx0hji7d.com/?_kwid_=D132,D132
http://xn--fx-3s9co2sypbky3bx0hji7d.com/?_kwid_=D133,D133
http://xn--fx-3s9co2sypbky3bx0hji7d.com/?_kwid_=D134,D134
http://xn--fx-3s9co2sypbky3bx0hji7d.com/?_kwid_=D135,D135
http://xn--fx-3s9co2sypbky3bx0hji7d.com/?_kwid_=D136,D136
http://xn--fx-3s9co2sypbky3bx0hji7d.com/?_kwid_=D137,D137
http://xn--fx-3s9co2sypbky3bx0hji7d.com/?_kwid_=D138,D138
http://xn--fx-3s9co2sypbky3bx0hji7d.com/?_kwid_=D139,D139
http://xn--fx-3s9co2sypbky3bx0hji7d.com/?_kwid_=D140,D140
http://xn--fx-3s9co2sypbky3bx0hji7d.com/?_kwid_=D141,D141
http://xn--fx-3s9co2sypbky3bx0hji7d.com/?_kwid_=D142,D142
http://xn--fx-3s9co2sypbky3bx0hji7d.com/?_kwid_=D143,D143
http://xn--fx-3s9co2sypbky3bx0hji7d.com/?_kwid_=D144,D144
http://xn--fx-3s9co2sypbky3bx0hji7d.com/?_kwid_=D145,D145
http://xn--fx-3s9co2sypbky3bx0hji7d.com/?_kwid_=D146,D146
http://xn--fx-3s9co2sypbky3bx0hji7d.com/?_kwid_=D147,D147
http://xn--fx-3s9co2sypbky3bx0hji7d.com/?_kwid_=D148,D148
